<?xml version="1.0" encoding="utf-8" standalone="no" ?>
<modDesc descVersion="46">
    <author>modelleicher (LS-Modcompany)</author>
    <version>0.9.1.7</version>
    <title>
        <de>SimpleIC - Einfaches Interactive Control</de>
		<en>SimpleIC - Easy Interactive Control</en>
    </title>
    <description>
        <de>
<![CDATA[Globaler Mod für einfaches Interactive Control]]>
        </de>
	<en>
<![CDATA[Global Mod for simple interactive control]]>
	</en>
    </description>

	<iconFilename>store.dds</iconFilename>

	
    <multiplayer supported="true"/>
    <extraSourceFiles>
        <sourceFile filename="registerSimpleIC.lua"/>
    </extraSourceFiles>
	
	
	<inputBinding>
		<actionBinding action="TOGGLE_ONOFF">
			<binding device="KB_MOUSE_DEFAULT" input="KEY_less" />
		</actionBinding>	
		<actionBinding action="INTERACT_IC_VEHICLE">
			<binding device="KB_MOUSE_DEFAULT" input="MOUSE_BUTTON_LEFT" />
		</actionBinding>
		<actionBinding action="INTERACT_IC_ONFOOT">
			<binding device="KB_MOUSE_DEFAULT" input="MOUSE_BUTTON_LEFT" />
		</actionBinding>	
    </inputBinding>	
	
	<l10n>	
		<text name="input_TOGGLE_ONOFF"><de>IC: an/aus schalten</de><en>IC: on/off</en></text>	
		<text name="input_INTERACT_IC_VEHICLE"><de>IC: Interagieren vehicle</de><en>IC: interact vehicle</en></text>	
		<text name="input_INTERACT_IC_ONFOOT"><de>IC: Interagieren zu Fuß</de><en>IC: interact on foot</en></text>	
	</l10n>
	<actions>
		<action name="TOGGLE_ONOFF" />
		<action name="INTERACT_IC_VEHICLE" />
		<action name="INTERACT_IC_ONFOOT" />
	</actions>
	
</modDesc>